{
    "Random Forest": {
        "MAE": 28568.250949999998,
        "MSE": 1273999107.8317306,
        "RMSE": 35693.12409739067,
        "R2": 0.9328363318997979,
        "MAPE": 5.627733644813773
    },
    "Gradient Boosting": {
        "MAE": 26836.289172767847,
        "MSE": 1096287298.2930274,
        "RMSE": 33110.2295113312,
        "R2": 0.942205080213647,
        "MAPE": 5.214047825653365
    },
    "XGBoost": {
        "MAE": 29154.821875,
        "MSE": 1350004369.96552,
        "RMSE": 36742.405609397974,
        "R2": 0.928829427838059,
        "MAPE": 5.747125947426439
    },
    "CatBoost": {
        "MAE": 27052.91075067278,
        "MSE": 1109471332.0898647,
        "RMSE": 33308.72756635811,
        "R2": 0.9415100341459464,
        "MAPE": 5.299882625367571
    },
    "Ridge Regression": {
        "MAE": 24296.492920575718,
        "MSE": 918832176.4853461,
        "RMSE": 30312.244662600395,
        "R2": 0.9515602962656086,
        "MAPE": 4.76101200322212
    },
    "Lasso Regression": {
        "MAE": 24256.81735285089,
        "MSE": 917256532.1143613,
        "RMSE": 30286.24328163467,
        "R2": 0.9516433623014685,
        "MAPE": 4.753695763730711
    },
    "Ensemble": {
        "MAE": 26642.2889051766,
        "MSE": 1093180284.8217793,
        "RMSE": 33063.27698250401,
        "R2": 0.9423688781474783,
        "MAPE": 5.219760472804348
    }
}